game_episode,end_x,end_y
153363_1,77.17186,10.20643
153363_2,36.323586,61.408512
153363_6,57.144592,62.42213
153363_7,67.592804,10.0315895
153363_8,83.190506,19.212582
153363_9,84.325645,52.440323
153363_10,72.044106,18.840763
153363_12,79.28159,9.854519
153363_13,47.64658,64.06008
153363_15,76.364174,10.742308
153363_16,40.185658,9.360334
153363_17,85.34898,51.374832
153363_18,89.32957,38.077747
153363_19,31.19287,12.229045
153363_20,75.191475,14.981324
153363_21,74.16568,14.2092905
153363_22,67.24189,52.474216
153363_23,54.326313,11.265522
153363_24,55.68597,43.997833
153363_26,69.49131,54.25004
153363_27,62.991055,60.184322
153363_28,79.91443,10.240176
153363_29,88.97078,46.820606
153363_30,89.57531,48.01112
153363_31,85.10632,38.023888
153363_32,63.165176,22.628973
153363_33,85.874,42.13072
153363_34,81.186,14.31479
153363_35,60.255623,45.843662
153363_36,85.29488,32.90922
153363_37,86.004776,22.624779
153363_38,80.789795,8.881076
153363_41,72.30198,54.805527
153363_43,77.45056,9.362175
153363_44,81.17528,10.028562
153363_47,71.9949,12.488733
153363_48,54.41573,63.084816
153363_49,76.440414,9.585231
153363_50,77.48719,58.862507
153363_51,82.04931,12.051805
153363_52,76.74023,9.176885
153363_53,37.91913,61.264664
153363_54,84.43987,52.808132
153363_56,75.460815,13.778685
153363_57,52.4942,53.0719
153363_58,83.60631,56.830105
153363_59,79.318596,11.693171
153363_60,46.072517,54.24821
153363_61,46.679317,53.607304
153363_62,85.25458,50.197342
153363_64,83.23534,11.935501
153363_65,88.65424,23.545195
153363_66,39.48513,63.464386
153363_67,83.35056,44.422924
153363_68,80.6032,43.562286
153363_69,36.71221,62.820732
153363_70,85.028824,17.742361
153363_71,81.95784,55.2942
153363_72,38.99598,63.47319
153363_73,40.499027,7.6944666
153363_74,83.4106,20.78593
153363_75,85.715416,52.715805
153363_76,81.54171,53.288425
153363_77,39.644283,11.030737
153363_79,78.64875,33.383217
153363_80,35.317535,43.366848
153363_81,64.42149,58.940617
153363_82,84.869125,19.55531
153363_83,46.62801,20.53725
153363_84,50.582798,36.303116
153363_85,83.86136,17.60316
153363_86,82.40473,26.233927
153364_1,55.522263,60.997635
153364_2,44.338615,49.20404
153364_3,44.076443,53.748745
153364_4,45.248184,58.38044
153364_5,29.51566,9.004854
153364_6,65.29396,11.30494
153364_7,79.36706,10.644636
153364_8,74.74063,54.372074
153364_9,88.25985,39.275963
153364_10,73.0824,13.084096
153364_11,83.677734,11.683403
153364_12,75.52828,31.071749
153364_14,87.26447,51.270336
153364_15,42.217766,23.147194
153364_16,43.83114,49.72946
153364_17,79.79646,36.369904
153364_18,82.56213,12.4846325
153364_19,77.4225,55.063347
153364_20,52.362663,36.74694
153364_21,68.30697,61.16698
153364_22,88.98901,18.863907
153364_23,57.697937,20.33849
153364_24,60.7032,52.13967
153364_25,72.489784,10.477732
153364_26,65.48987,13.5947695
153364_27,45.628197,62.13731
153364_28,85.3983,54.41712
153364_29,30.42484,16.7055
153364_30,49.883785,25.486746
153364_31,76.78587,37.996357
153364_32,65.37954,59.330627
153364_33,37.37368,43.06088
153364_34,63.202053,19.744425
153364_36,83.20478,53.92077
153364_37,26.636436,8.278346
153364_38,82.638504,37.64445
153364_39,75.97643,56.801014
153364_40,75.457436,35.538116
153364_41,76.091995,51.59167
153364_42,72.59947,10.582954
153364_43,58.970814,57.980495
153364_44,86.22958,37.220512
153364_45,60.147385,60.48682
153364_46,83.83043,15.516836
153364_47,80.60165,31.128368
153364_48,91.2654,48.141205
153364_49,70.83964,45.82436
153364_50,51.041027,11.86468
153364_52,30.356081,7.2012043
153364_53,47.582756,17.818495
153364_54,61.302765,62.53969
153364_55,73.92126,59.79652
153364_56,71.076645,58.94242
153364_57,73.7232,35.825485
153364_58,64.50488,11.141595
153364_59,84.14668,49.402733
153364_61,77.09185,46.312874
153364_62,70.35193,56.822838
153364_63,87.41176,47.999863
153364_65,87.47632,49.51444
153364_66,86.659424,53.585938
153364_67,58.573338,53.717182
153364_68,48.33043,14.154593
153364_69,79.74215,47.923935
153364_70,34.929413,8.154689
153364_71,87.460175,50.418194
153364_73,47.966835,55.23528
153364_74,85.63404,54.734074
153364_75,70.60113,60.530365
153364_76,83.95204,43.75658
153364_78,78.85855,9.9192505
153364_79,57.291656,60.066948
153364_80,65.01851,9.46639
153364_81,77.532005,57.61991
153364_82,86.470436,52.338936
153364_84,77.40869,56.66967
153364_85,76.70917,11.099811
153364_86,66.3677,56.898483
153365_1,61.00109,60.929916
153365_2,74.34579,39.80389
153365_3,36.64524,61.995407
153365_4,65.89023,7.0929923
153365_5,36.7247,60.922817
153365_6,80.861046,41.583744
153365_7,54.68036,58.235397
153365_8,64.72293,58.211548
153365_9,50.178856,41.48835
153365_10,61.324585,59.10219
153365_11,43.54196,8.70601
153365_12,36.032616,62.824203
153365_13,37.543236,62.603283
153365_14,69.89263,56.244305
153365_15,52.930458,48.811665
153365_16,41.941586,8.286139
153365_17,79.43425,15.140172
153365_20,83.43219,18.557207
153365_21,79.74761,25.389063
153365_23,63.24081,17.856346
153365_24,85.181625,42.591824
153365_25,86.98982,53.45351
153365_26,34.50348,9.083243
153365_28,81.40707,38.039818
153365_29,69.951546,36.88442
153365_30,82.68065,38.532635
153365_31,88.312096,39.92433
153365_32,66.05676,20.37013
153365_33,34.194046,16.928246
153365_34,49.372585,61.017876
153365_35,78.96833,14.547915
153365_36,39.398922,58.787807
153365_37,77.983574,12.221538
153365_38,91.7952,24.43918
153365_39,65.19941,57.49992
153365_40,86.991325,45.25925
153365_41,50.592186,34.89646
153365_42,72.5152,56.338333
153365_43,71.58462,55.72132
153365_44,55.811096,22.685658
153365_45,83.53017,22.04868
153365_46,86.54477,41.319866
153365_47,64.51631,57.97448
153365_48,86.29036,40.761883
153365_49,33.607388,60.27056
153365_50,71.51387,42.29897
153365_51,85.28376,46.66381
153365_53,40.614754,54.9751
153365_54,39.05143,63.729527
153365_55,41.53787,9.519786
153365_56,81.088135,10.841708
153365_57,87.14809,24.581474
153365_58,69.492935,11.704112
153365_59,83.87301,9.910658
153365_60,82.209915,9.254199
153365_61,31.721216,60.60606
153365_62,86.406006,49.319164
153365_64,59.667233,60.045444
153365_65,43.127377,8.565673
153365_66,70.900986,17.182735
153365_68,86.89944,34.59288
153365_69,35.910355,61.798595
153365_70,75.271706,53.736694
153365_71,28.918884,56.908714
153365_72,88.50622,48.17733
153365_73,87.76201,53.83416
153365_74,60.310604,28.958128
153365_75,42.885155,41.298504
153365_76,50.132156,15.448489
153365_77,84.409134,19.528698
153365_79,78.99557,15.098997
153365_80,86.91421,37.73451
153365_82,79.521034,10.936721
153365_83,32.633923,56.1451
153365_84,81.09396,28.66342
153365_85,61.31658,21.418861
153365_86,77.70169,54.479134
153365_89,59.247227,28.034506
153365_90,83.18006,45.47629
153365_91,78.6454,13.875778
153365_92,85.67293,16.143475
153365_93,84.72325,34.18817
153366_1,89.33885,51.13809
153366_3,88.46849,34.384552
153366_4,51.793625,52.515217
153366_5,42.170765,6.966846
153366_6,88.26688,51.535137
153366_7,41.802914,57.739006
153366_8,56.353653,28.229101
153366_9,37.183784,14.405957
153366_10,78.27717,25.382633
153366_11,81.86001,22.657299
153366_12,69.95213,55.73118
153366_13,46.257046,13.421824
153366_14,86.231285,55.93688
153366_15,87.915695,37.2169
153366_16,67.45083,59.023384
153366_17,43.589195,62.88417
153366_18,74.58195,27.121185
153366_19,81.63045,17.18529
153366_20,86.05798,48.38191
153366_21,44.46318,59.79976
153366_22,72.30909,57.361317
153366_23,35.33531,46.59696
153366_24,78.02241,58.31636
153366_25,84.649216,52.70996
153366_27,85.84264,15.903902
153366_28,67.09978,46.471905
153366_29,52.17514,32.850533
153366_30,81.14858,13.018521
153366_31,42.43051,22.002478
153366_32,80.63797,10.344446
153366_33,90.651054,41.480457
153366_35,86.36689,52.818966
153366_36,87.52418,50.413937
153366_37,74.829056,11.519675
153366_38,54.15901,10.185916
153366_39,42.0948,40.984203
153366_40,83.94827,14.869326
153366_41,41.40538,63.737038
153366_42,84.567665,19.270695
153366_43,87.26859,48.49207
153366_44,43.5365,56.802235
153366_46,84.865265,50.153564
153366_47,85.1745,51.583477
153366_48,84.02548,49.305862
153366_49,85.05465,58.099014
153366_50,44.964478,28.084515
153366_51,87.32118,51.356064
153366_52,61.67716,61.753555
153366_53,60.90404,8.836348
153366_54,87.12207,32.613243
153366_55,73.60439,9.103169
153366_56,89.76844,47.25965
153366_57,82.04674,55.239697
153366_58,83.071434,49.887848
153366_59,80.92775,46.58414
153366_60,86.59711,44.47643
153366_61,88.19479,49.48423
153366_62,87.2212,51.55117
153366_64,87.99174,48.368744
153366_65,54.25996,37.153
153366_66,83.60419,11.529005
153366_67,77.414856,40.539696
153366_68,80.37483,10.054332
153366_69,83.03751,55.83408
153366_71,81.49537,58.86782
153366_72,82.660614,11.864638
153366_73,85.35859,51.72018
153366_74,43.92289,59.24526
153366_75,73.50617,10.795703
153366_76,64.005615,10.51478
153366_77,42.060265,61.17739
153366_78,80.50175,22.142262
153366_79,89.45284,47.3276
153366_80,66.662735,51.343143
153366_81,74.245285,12.056197
153366_82,44.65522,16.644754
153366_83,46.308952,52.66708
153366_84,84.549355,52.267784
153366_85,80.69882,57.40814
153366_86,80.936554,12.349719
153366_88,60.90205,59.906754
153366_89,77.14603,57.609303
153366_90,78.59849,55.02574
153366_92,39.960445,54.063713
153366_93,83.79908,31.114794
153366_94,41.11955,62.45487
153366_95,82.71165,57.61082
153367_1,67.52739,8.7795515
153367_2,77.708466,51.39859
153367_3,77.45087,13.229456
153367_4,82.011345,9.557858
153367_7,62.00153,50.957832
153367_8,55.942406,32.518295
153367_9,84.95218,54.209938
153367_10,51.343918,60.65171
153367_11,70.77663,58.85508
153367_12,84.6,46.160736
153367_13,53.468044,29.614471
153367_14,82.883865,10.76124
153367_16,86.37871,42.07427
153367_17,47.19168,7.5065165
153367_18,69.75974,54.16217
153367_19,56.714592,55.58487
153367_21,43.34788,62.91514
153367_22,37.421803,63.317413
153367_24,44.919388,22.082708
153367_25,82.76743,31.294699
153367_26,83.606064,48.233368
153367_27,66.28341,12.824561
153367_28,34.608425,23.664656
153367_30,35.458298,51.75501
153367_31,78.19733,9.609277
153367_32,87.93245,43.94752
153367_33,51.88383,25.374666
153367_34,76.39937,20.665972
153367_35,51.792408,49.055435
153367_36,71.54474,13.728956
153367_37,86.38681,50.15901
153367_38,84.95934,22.344013
153367_39,90.15147,51.499393
153367_40,31.074724,9.159483
153367_41,57.780197,47.844875
153367_42,44.75828,61.331413
153367_43,67.86402,35.994705
153367_44,39.02355,7.85977
153367_45,73.12142,57.842583
153367_46,86.28523,51.133812
153367_47,66.37452,37.616077
153367_48,59.487694,7.4743056
153367_49,83.78817,17.983906
153367_50,82.13708,57.101276
153367_51,85.0826,41.221756
153367_52,41.631863,60.72578
153367_53,87.02259,43.746567
153367_54,89.46267,49.740635
153367_55,57.18449,11.345105
153367_56,78.11372,55.66799
153367_58,75.74587,37.031033
153367_59,29.84787,7.0828648
153367_60,58.365017,60.66279
153367_61,82.89355,19.03454
153367_62,38.733585,59.686962
153367_63,27.568295,12.281161
153367_64,86.42519,35.2311
153367_65,88.168564,44.96195
153367_66,85.692314,55.556206
153367_67,36.347374,41.113323
153367_68,76.09705,55.588356
153367_69,86.031204,54.641735
153367_70,85.91473,55.368645
153367_71,70.98011,10.649821
153367_72,84.22427,42.161835
153367_73,38.77317,61.83642
153367_74,80.96265,11.2952175
153367_75,65.927216,55.74126
153367_76,30.810154,6.885742
153367_77,87.588524,41.256798
153367_78,44.024227,33.06788
153367_79,43.98263,11.992125
153367_80,57.89105,51.298546
153367_81,84.86202,54.589287
153367_82,69.64629,10.971466
153367_83,63.03769,58.07381
153367_84,73.82431,56.894028
153367_85,57.686897,61.591335
153367_87,74.07411,37.807217
153367_89,82.166794,11.848459
153367_90,85.5892,53.84181
153367_92,71.22903,53.53846
153367_93,81.18689,13.165737
153367_94,87.159386,50.584045
153367_95,86.34536,42.234463
153367_96,84.062195,52.924484
153367_97,33.63287,7.7772136
153367_98,68.75545,11.26768
153367_99,89.230995,47.292793
153367_101,88.512314,46.387543
153367_102,43.339985,37.725418
153367_103,27.089403,8.357576
153367_104,88.70512,51.722717
153367_106,82.03632,14.678855
153367_107,68.616875,50.968327
153367_108,44.542343,13.272126
153367_109,45.172836,11.415458
153367_110,85.16677,56.05267
153367_111,68.27014,53.284733
153368_1,75.42045,35.560318
153368_2,68.10333,48.22324
153368_3,87.80982,41.562286
153368_4,81.0968,40.835815
153368_5,79.573135,41.93314
153368_8,81.68581,56.461433
153368_9,86.97265,46.7456
153368_10,79.14117,55.45774
153368_11,83.65433,38.845707
153368_12,72.485756,12.773222
153368_14,85.98332,54.23564
153368_15,71.57826,37.04515
153368_16,69.0358,19.503315
153368_17,33.275772,9.687421
153368_18,32.927944,10.344293
153368_19,83.331566,21.980627
153368_20,88.967255,49.28493
153368_21,88.398,51.143562
153368_22,47.46898,48.606995
153368_25,81.25917,42.09758
153368_26,66.16105,9.229079
153368_27,45.12224,13.293234
153368_28,78.75083,55.0632
153368_29,86.27706,27.66307
153368_30,71.524414,9.569557
153368_31,81.25306,9.93812
153368_32,74.9555,56.6445
153368_33,72.29866,59.250305
153368_34,84.27433,17.498161
153368_36,82.66632,53.856537
153368_37,32.877567,14.764807
153368_38,40.376934,54.08548
153368_39,85.16651,55.194553
153368_41,74.280075,19.07173
153368_42,85.87101,17.868725
153368_44,76.43547,14.998748
153368_45,87.49067,22.688812
153368_46,84.30353,54.567516
153368_47,75.56518,57.569767
153368_48,69.65852,21.879677
153368_49,88.84121,19.611113
153368_51,59.58211,13.489235
153368_52,78.13805,45.705914
153368_53,41.186214,63.390564
153368_54,86.33499,36.653667
153368_55,43.973675,28.992039
153368_57,85.51185,45.42353
153368_58,64.821724,59.986904
153368_59,82.12172,47.77671
153368_60,84.851585,40.062664
153368_61,84.06522,17.6433
153368_62,31.482903,60.680973
153368_63,49.161823,61.040905
153368_64,88.300064,43.542072
153368_65,88.108154,43.22501
153368_66,57.56646,22.755579
153368_68,73.1756,9.049782
153368_69,88.83576,53.366096
153368_70,88.97477,45.550247
153368_71,83.26116,40.42149
153368_73,84.603485,36.0748
153368_74,83.67395,33.62319
153368_75,37.88616,61.850243
153368_76,87.37391,47.489544
153368_77,82.329445,20.861351
153368_78,85.69102,14.463647
153368_79,55.760197,61.624077
153368_80,87.58388,40.371517
153368_81,88.48906,39.10086
153368_82,85.88672,55.273174
153368_84,84.399315,38.659554
153368_85,66.35669,48.23099
153368_86,75.88356,12.803302
153369_1,82.47281,57.185978
153369_2,85.12482,48.52381
153369_3,81.80169,58.705948
153369_4,30.516796,7.3859277
153369_5,40.393806,62.17767
153369_7,77.71343,17.973911
153369_10,70.29406,58.590206
153369_11,84.27781,14.116721
153369_12,89.52141,45.885338
153369_13,86.492584,44.014366
153369_14,37.148354,62.062847
153369_15,85.018524,19.891485
153369_16,74.69119,57.52974
153369_17,84.73396,51.11689
153369_18,67.319664,10.283746
153369_19,83.26456,40.057407
153369_20,76.938835,40.425167
153369_21,37.25617,59.841198
153369_22,58.02393,39.00202
153369_23,82.884636,57.497353
153369_24,71.29687,56.26869
153369_25,70.13351,16.324203
153369_26,74.69532,58.14635
153369_27,85.232666,25.260279
153369_28,77.175316,40.341434
153369_29,62.146152,41.009247
153369_30,85.396,17.666252
153369_31,84.80751,25.127352
153369_33,36.518845,53.24173
153369_34,86.30976,51.798153
153369_35,87.457016,29.502306
153369_37,80.4509,11.642227
153369_38,82.451904,11.112948
153369_39,76.748726,12.0493355
153369_41,89.00281,34.993546
153369_42,62.74698,40.689373
153369_43,68.00932,9.485565
153369_44,83.84026,54.953743
153369_45,59.85665,14.88623
153369_46,85.285385,41.138275
153369_50,84.02474,14.303576
153369_51,41.19654,62.34679
153369_52,80.57322,55.47258
153369_54,73.09468,58.880398
153369_55,76.90005,10.158006
153369_56,71.68542,8.786527
153369_57,76.36852,10.390917
153369_58,32.74978,9.681363
153369_60,86.32013,16.674797
153369_62,84.11524,55.824627
153369_63,43.34723,63.229717
153369_65,68.50453,11.093991
153369_66,83.5963,17.74053
153369_67,90.45462,42.58254
153369_68,88.95727,49.276436
153369_69,86.26487,33.42748
153369_70,84.6568,33.138344
153369_71,75.158104,26.314049
153369_72,82.96728,16.366245
153369_73,32.84715,61.42293
153369_76,27.907713,11.345643
153369_77,78.91176,10.689311
153369_78,39.127518,29.527946
153369_80,79.207436,53.33654
153369_82,33.24,17.529867
153369_83,86.3323,49.91458
153369_84,85.064,15.006359
153369_85,87.71833,52.27396
153369_86,90.25417,35.122208
153369_88,76.19983,45.080063
153370_1,67.83213,33.247513
153370_2,45.677532,8.106822
153370_3,71.05586,9.926046
153370_4,71.86132,10.507846
153370_5,87.63684,25.45221
153370_6,83.224106,18.526638
153370_7,31.44917,53.42112
153370_8,85.99287,40.914925
153370_9,38.191452,62.775043
153370_10,71.64751,42.189934
153370_11,83.92656,40.686035
153370_12,73.57618,29.484886
153370_13,73.71015,57.37827
153370_14,85.66324,19.012619
153370_16,75.14182,9.589109
153370_17,58.54665,60.62918
153370_18,56.511967,12.43042
153370_19,65.75403,10.667068
153370_20,77.44623,57.978016
153370_21,62.8038,48.679432
153370_22,83.848885,27.792925
153370_23,76.71589,29.18158
153370_24,68.82759,38.149635
153370_25,85.49356,48.88794
153370_26,72.10713,9.614408
153370_27,77.27302,9.424067
153370_28,87.39291,24.81985
153370_30,75.741394,51.594444
153370_31,77.10971,33.85839
153370_32,37.378902,53.432304
153370_33,86.4765,46.651043
153370_35,77.32757,46.156063
153370_36,82.61065,12.221025
153370_37,59.445496,59.4169
153370_38,41.99539,59.455257
153370_39,44.4914,36.802895
153370_40,73.84059,58.602467
153370_41,82.750175,12.488298
153370_42,29.101955,60.466183
153370_43,84.932526,33.71526
153370_44,25.722694,6.952655
153370_45,84.64001,31.968527
153370_46,84.11152,14.303605
153370_47,86.25954,17.356121
153370_49,69.73459,23.457382
153370_50,55.4213,15.69717
153370_51,82.95084,42.50708
153370_53,30.747627,60.951794
153370_54,63.026424,60.254345
153370_55,32.056534,60.81994
153370_56,33.66126,62.6881
153370_57,50.928535,38.68398
153370_58,75.44509,48.556324
153370_59,76.88031,18.200785
153370_60,81.764015,10.560647
153370_61,88.56626,45.579987
153370_63,77.41332,10.902361
153370_64,87.94082,53.02472
153370_65,81.458885,11.156355
153370_66,68.908356,9.257177
153370_67,73.44856,10.175675
153370_68,83.27306,52.16219
153370_69,38.358673,61.020576
153370_70,54.74179,15.996507
153370_71,69.46678,39.4846
153370_72,65.33774,9.682855
153370_73,74.1655,58.638493
153370_74,40.786144,8.254846
153370_75,83.99664,41.640224
153370_76,86.41151,18.27577
153370_78,46.08319,47.380188
153370_79,49.8337,32.81196
153370_80,54.27525,14.540439
153370_81,56.766647,30.197273
153370_83,78.77117,29.073658
153370_85,55.0536,38.91824
153370_86,80.699005,16.802977
153370_88,36.014515,49.430458
153370_89,85.99089,17.542301
153370_90,87.47674,43.055088
153370_91,87.92556,34.488823
153370_92,64.9459,61.31413
153371_1,77.83333,10.190988
153371_2,29.792444,8.344265
153371_3,72.390076,10.968455
153371_4,83.200775,51.216164
153371_5,75.423065,54.887764
153371_6,87.43049,55.023277
153371_7,67.61452,12.804407
153371_8,79.16471,11.036473
153371_9,73.75789,10.793124
153371_10,65.64226,9.545401
153371_11,75.10674,10.485681
153371_12,80.52947,56.047962
153371_13,86.35666,41.353992
153371_14,88.00058,31.115486
153371_15,83.32692,43.404438
153371_16,79.99569,51.374443
153371_17,75.01027,43.591927
153371_18,81.832565,53.649097
153371_19,57.746628,55.140507
153371_20,58.76937,43.56057
153371_21,59.4309,10.3059225
153371_22,29.147036,9.206899
153371_23,70.80725,59.645603
153371_24,89.956985,43.484318
153371_25,86.60206,40.55088
153371_26,43.518288,9.885681
153371_27,73.77742,33.46574
153371_28,80.872116,9.795032
153371_29,49.14992,43.69707
153371_30,85.90403,30.50756
153371_31,58.977165,61.857838
153371_32,85.00232,43.375893
153371_34,87.839035,19.088764
153371_35,69.287766,28.598545
153371_36,78.93271,20.189196
153371_37,83.414604,13.024529
153371_38,86.995285,15.9956255
153371_39,32.86996,48.6285
153371_40,83.66601,37.63189
153371_41,87.4135,33.31014
153371_42,90.58637,49.753113
153371_43,29.418203,10.9498205
153371_44,51.888977,42.94067
153371_45,81.2747,9.792556
153371_48,31.261377,20.463781
153371_49,88.26869,23.398226
153371_50,71.16123,9.425722
153371_51,78.70425,56.705025
153371_52,86.84099,52.94279
153371_53,82.45694,41.977142
153371_54,57.00819,10.475323
153371_55,85.98768,18.569906
153371_56,40.89508,56.188774
153371_57,78.94618,40.40064
153371_58,76.47782,9.677165
153371_60,91.00623,45.44304
153371_61,84.722534,46.31101
153371_62,87.808426,49.964188
153371_63,48.567505,11.735001
153371_64,74.68347,56.183643
153371_65,29.610544,7.601167
153371_66,54.340282,40.00841
153371_67,85.8922,55.304256
153371_68,86.2263,47.887135
153371_69,89.67017,44.268528
153371_70,85.45515,53.754734
153371_71,60.236893,24.515383
153371_72,83.38712,21.668575
153371_73,82.137695,10.177839
153371_74,82.82548,37.86929
153371_75,82.4256,57.111084
153371_76,51.139736,59.41065
153371_77,83.89536,55.04026
153371_78,87.50666,52.245697
153371_79,72.40521,55.444897
153371_80,81.953804,17.053236
153371_81,64.23033,11.514518
153371_82,72.479965,51.682957
153371_83,77.96925,28.583113
153371_84,72.781334,48.207504
153371_85,86.79967,45.74507
153371_86,80.24502,11.581243
153371_87,80.11742,53.480797
153371_88,57.803513,10.43686
153372_1,63.649445,27.955374
153372_2,26.341856,7.963747
153372_3,74.75758,12.603
153372_4,33.780876,7.555216
153372_5,46.800415,7.8477974
153372_6,38.098038,9.800505
153372_7,88.71796,52.51991
153372_9,87.423874,56.10751
153372_10,77.95839,10.925176
153372_11,67.60551,10.150838
153372_12,82.51578,54.361954
153372_13,54.025017,13.94812
153372_14,85.74728,16.14483
153372_16,61.889885,60.102577
153372_17,77.77574,43.681313
153372_18,78.308975,34.552444
153372_19,85.69018,48.715134
153372_20,38.31927,51.912354
153372_21,82.450096,54.385746
153372_22,82.95091,12.858756
153372_24,64.8988,58.666153
153372_25,74.701225,47.690945
153372_26,44.355392,62.778687
153372_27,59.27241,44.699825
153372_28,61.707355,12.081637
153372_29,80.352295,33.309093
153372_30,84.77826,52.105022
153372_31,76.764046,10.549084
153372_32,62.332058,39.42146
153372_33,87.10642,39.09629
153372_34,78.24555,40.36039
153372_35,44.740788,44.83126
153372_36,81.637184,23.657345
153372_38,48.220047,9.159814
153372_39,84.776764,53.586834
153372_40,85.46794,51.29271
153372_41,68.49273,33.254623
153372_42,84.1705,55.77977
153372_43,53.05401,7.656945
153372_44,82.910126,38.69563
153372_45,49.61771,44.469036
153372_46,85.20258,16.778301
153372_47,85.9958,52.05518
153372_48,78.915565,27.673918
153372_49,69.60817,16.93265
153372_50,26.554901,8.846643
153372_51,26.156332,7.519025
153372_52,84.10374,54.111935
153372_53,33.070045,61.32393
153372_54,70.830574,11.663694
153372_55,85.95319,38.686897
153372_56,76.69113,58.58149
153372_57,27.4336,11.502443
153372_58,80.21068,52.929802
153372_59,57.592567,48.66756
153372_60,56.245556,53.78299
153372_61,88.51811,38.268795
153372_62,67.28634,9.125956
153372_63,68.668205,9.162107
153372_64,80.79854,24.896431
153372_65,51.51531,34.82396
153372_66,83.45981,52.799446
153372_67,82.75785,56.590794
153372_68,70.34199,57.36986
153372_69,82.96923,39.09173
153372_70,54.00687,18.3128
153372_71,81.84406,39.4152
153372_72,67.11336,51.577057
153372_73,26.808294,8.443271
153372_74,82.706566,14.443256
153372_75,82.866684,9.929972
153372_76,62.242596,37.59235
153372_77,83.34632,38.522045
153372_79,63.896492,61.46136
153372_80,88.56743,47.637047
153372_82,83.19734,48.347744
153372_83,35.759167,33.757927
153372_84,86.859535,48.572456
153372_85,37.79559,48.807564
153372_86,72.95044,41.787548
153372_87,61.07573,60.942234
153372_88,67.40416,26.856852
153372_89,74.196266,56.469986
153372_90,53.257156,62.13354
153372_91,71.607895,45.216816
153372_92,38.211308,53.85294
153372_93,84.388824,35.967888
153372_94,91.37968,40.744442
153372_95,80.26849,51.99838
153372_96,52.891888,52.21254
153372_97,34.25402,61.434845
153373_1,41.276455,11.552973
153373_2,58.37515,8.850041
153373_3,75.10815,49.254738
153373_4,79.26132,9.326009
153373_5,43.99205,40.96124
153373_6,43.14137,59.444157
153373_7,33.969868,11.173717
153373_8,34.38464,22.744923
153373_9,78.85747,29.496222
153373_10,29.80611,17.228806
153373_13,42.033714,24.388418
153373_14,77.67287,51.797905
153373_15,73.47058,10.639905
153373_16,63.509644,16.906788
153373_17,75.76194,10.831158
153373_18,57.35486,61.810852
153373_19,34.11937,60.923885
153373_20,30.706585,9.353635
153373_21,76.17271,9.859529
153373_22,83.99719,54.528698
153373_23,84.425644,22.340977
153373_24,88.33083,35.701065
153373_25,78.121574,9.984644
153373_26,58.06759,8.703258
153373_27,53.560513,8.0206
153373_28,85.06071,55.91259
153373_29,80.827415,48.091522
153373_30,27.887978,8.239445
153373_31,65.74784,20.231052
153373_32,44.566284,61.02549
153373_34,32.950665,22.015142
153373_35,86.19594,53.49654
153373_36,86.74267,49.947968
153373_37,41.601086,10.18216
153373_38,84.26495,54.33401
153373_40,54.830498,41.144947
153373_41,86.44684,16.037292
153373_44,66.80691,56.986305
153373_45,80.69606,13.841732
153373_46,80.84748,55.57663
153373_47,76.015144,57.76838
153373_49,42.767014,61.46587
153373_50,43.551384,62.957336
153373_51,72.890305,9.419218
153373_52,86.4091,18.244534
153373_54,72.77334,55.432117
153373_55,51.10618,8.606331
153373_56,63.922897,42.06841
153373_57,82.84957,51.282005
153373_58,89.82395,51.93688
153373_60,86.85155,50.133297
153373_61,27.407242,9.668203
153373_63,43.777275,62.823383
153373_64,81.17947,55.93993
153373_65,71.17793,11.340142
153373_66,82.97383,12.070975
153373_67,76.82208,37.071976
153373_68,57.930027,29.61861
153373_70,69.49422,59.462364
153373_71,63.643894,59.703777
153373_72,59.18837,35.585075
153373_73,42.53232,23.894014
153373_76,86.73042,53.50867
153373_77,85.437325,53.427906
153373_78,24.869802,6.30441
153373_79,33.60176,57.535248
153373_80,85.9688,47.274162
153373_81,26.617617,8.445322
153373_82,81.63751,13.524444
153373_83,82.68476,12.216061
153373_84,80.69779,39.821335
153373_86,83.510475,22.413391
153373_87,87.062065,40.932693
153373_88,83.03251,49.648785
153373_89,63.56447,58.08376
153373_90,48.27164,61.689377
153373_91,68.23269,57.21408
153373_92,86.038536,44.319447
153373_93,80.5718,52.318615
153373_94,78.42638,18.423378
153373_95,46.830555,49.91021
153373_96,81.48768,11.571619
153373_98,43.54542,29.331358
153373_99,81.396,12.79634
153374_1,80.19576,48.246323
153374_2,38.195156,30.599049
153374_3,74.01706,36.543034
153374_4,36.57286,49.845333
153374_5,67.18149,9.25338
153374_6,86.10987,21.984673
153374_7,75.43266,51.77788
153374_8,80.43916,56.661613
153374_9,43.188248,58.341827
153374_11,40.399345,21.606092
153374_12,88.323494,50.15422
153374_14,34.771305,36.671642
153374_15,47.637886,61.06869
153374_16,51.75235,50.834972
153374_18,60.848827,56.413277
153374_19,77.29589,9.486883
153374_20,82.73226,24.244139
153374_22,64.10176,40.32672
153374_23,37.68362,22.684296
153374_24,71.172226,56.614643
153374_25,87.531845,48.336296
153374_26,84.21684,42.05374
153374_27,32.98964,61.892303
153374_28,85.18225,55.50887
153374_30,82.22449,12.211305
153374_31,84.18756,20.732353
153374_32,41.816696,62.157368
153374_33,87.794525,29.9894
153374_36,81.4846,55.80274
153374_37,73.66663,22.506687
153374_38,84.21064,12.540638
153374_39,72.68923,57.609177
153374_40,41.988865,63.958866
153374_41,73.753296,14.987159
153374_43,85.13066,54.54652
153374_44,73.36065,38.708866
153374_45,87.52306,24.789581
153374_46,53.475266,61.02463
153374_47,44.448925,8.130825
153374_48,85.6774,49.980877
153374_49,83.37182,52.463398
153374_50,52.008053,58.586357
153374_51,81.66988,37.214607
153374_52,86.73978,52.67253
153374_53,49.826378,41.648445
153374_54,77.255714,9.35804
153374_55,41.986492,64.1928
153374_56,36.72903,61.78796
153374_57,38.03214,60.35116
153374_58,85.25022,40.51789
153374_59,84.99011,40.08887
153374_61,84.25048,37.758
153374_62,80.887764,58.93836
153374_63,75.838936,10.187955
153374_64,87.29406,16.223839
153374_65,79.6386,42.405746
153374_66,49.358364,7.332438
153374_67,86.60984,22.134626
153374_68,83.39392,24.267914
153374_69,87.64835,31.102505
153374_71,79.908646,15.790478
153374_73,79.45857,37.07392
153374_74,84.26813,11.394363
153374_75,80.49188,12.361879
153374_76,83.28291,10.53494
153374_77,82.18643,11.475254
153374_79,80.2443,14.330895
153374_80,79.39061,55.779274
153374_82,30.24954,14.217818
153374_83,85.35715,23.311993
153374_84,86.91569,50.57301
153374_85,39.750404,55.6592
153375_1,78.48454,57.12499
153375_2,49.811165,28.452463
153375_3,84.5381,55.328938
153375_5,89.14097,51.68318
153375_6,47.93071,10.6958275
153375_7,78.46286,24.761808
153375_8,84.53926,39.841064
153375_9,87.61134,42.779114
153375_10,76.417564,59.328995
153375_11,51.729034,35.9971
153375_12,84.24414,57.33103
153375_13,37.062237,34.357883
153375_14,30.481152,8.573764
153375_15,61.88862,55.406418
153375_16,88.40498,51.248394
153375_17,31.045376,59.823277
153375_18,71.24173,8.678236
153375_19,79.7614,10.367067
153375_20,78.53601,30.342907
153375_21,84.99152,41.746944
153375_22,83.927795,10.06332
153375_23,33.98672,8.415692
153375_24,78.1874,30.665003
153375_25,83.70077,12.999633
153375_26,82.805916,44.204838
153375_27,68.14995,51.64721
153375_28,54.65767,19.373213
153375_29,81.36692,42.728214
153375_30,79.53032,10.260631
153375_32,53.816975,23.263454
153375_33,77.83233,37.981384
153375_35,43.506718,61.355053
153375_36,86.49219,45.322445
153375_39,79.23933,51.26692
153375_40,69.598145,20.852142
153375_41,81.578186,55.32148
153375_42,40.13921,8.794573
153375_43,26.551615,7.772719
153375_44,77.745895,52.01181
153375_45,49.180943,8.660339
153375_46,38.734062,43.590702
153375_47,43.075943,62.396988
153375_48,79.80001,20.48664
153375_49,83.86327,55.62792
153375_50,75.353065,57.89081
153375_51,82.82113,36.026062
153375_53,78.45113,46.760544
153375_54,85.8982,47.305294
153375_55,40.35507,60.87759
153375_56,42.27158,53.03686
153375_57,52.698006,59.51415
153375_58,83.612595,12.709916
153375_59,44.34671,37.545673
153375_60,77.42268,53.751053
153375_61,40.91589,63.50314
153375_62,64.27425,60.24774
153375_63,44.159897,62.564236
153375_65,55.55416,60.04637
153375_66,30.456936,12.994923
153375_67,77.64905,14.22567
153375_68,50.933304,12.775547
153375_69,74.135124,57.379345
153375_70,85.54776,35.228516
153375_71,84.85914,54.421883
153375_72,86.241646,48.580025
153375_73,81.909706,12.43883
153375_77,78.69368,10.4469385
153375_78,85.07469,25.040028
153375_79,84.280334,40.502037
153375_80,87.47789,16.484076
153375_82,32.49702,60.910065
153375_83,85.495895,19.20618
153375_84,87.85238,46.019287
153376_1,44.962414,62.799145
153376_2,89.28783,41.958122
153376_3,78.26554,10.064847
153376_4,87.581375,19.555256
153376_5,61.916466,42.460506
153376_6,84.188805,21.12677
153376_7,80.415726,9.983542
153376_8,86.53964,18.250528
153376_9,84.84752,17.463217
153376_10,86.7415,45.223347
153376_11,75.49293,59.171265
153376_12,76.7109,9.394668
153376_13,82.34007,10.526752
153376_15,65.4672,30.893314
153376_16,80.10241,56.37989
153376_18,64.427795,17.37796
153376_19,84.109886,50.117035
153376_22,65.88002,59.012573
153376_23,81.33958,11.798883
153376_24,59.738503,29.391153
153376_25,62.684525,36.511745
153376_26,73.04407,11.156805
153376_27,80.3347,9.400795
153376_28,38.96956,7.449152
153376_29,81.98129,19.776863
153376_30,79.93235,57.002625
153376_31,86.54236,50.989105
153376_33,67.00646,30.471415
153376_34,85.863655,19.775927
153376_35,86.59915,55.308277
153376_36,86.97355,45.576145
153376_39,89.52337,50.168983
153376_40,87.65095,18.307945
153376_41,42.771927,60.5616
153376_42,47.5911,50.388927
153376_43,83.965126,15.4984045
153376_44,93.017784,25.13903
153376_47,81.815216,10.101948
153376_48,79.479294,58.29359
153376_49,37.734158,60.435036
153376_50,43.559574,39.615665
153376_51,51.566578,35.24755
153376_52,86.776634,50.82918
153376_53,70.355606,56.359596
153376_54,80.219315,9.365002
153376_55,84.095856,40.973278
153376_56,91.63464,37.45234
153376_57,30.697227,9.060742
153376_60,57.706486,51.424698
153376_61,72.284515,8.609626
153376_62,83.71699,52.732765
153376_63,44.58458,25.118004
153376_64,52.69698,61.363754
153376_65,87.72518,19.16428
153376_66,36.303703,27.058641
153376_67,78.54065,9.124847
153376_68,59.350285,23.021927
153376_69,51.03039,61.436546
153376_70,38.5662,59.721397
153376_71,61.803703,59.48824
153376_72,81.59069,19.313993
153376_73,85.112206,10.300459
153376_75,83.02381,10.057913
153376_76,86.711494,38.742336
153376_77,43.426147,39.67335
153376_78,81.019196,9.810817
153376_79,86.20002,11.550505
153376_80,40.21607,51.790623
153376_81,77.166725,10.236094
153376_82,77.54681,10.4275
153376_83,81.999374,28.948254
153376_84,34.72697,61.01118
153376_85,44.691746,8.576989
153376_86,81.00473,42.97789
153376_87,63.680576,59.72956
153376_88,86.96251,34.39343
153376_89,71.90231,54.601322
153377_1,77.010025,44.317616
153377_2,77.55131,59.009037
153377_3,76.731346,8.509726
153377_7,86.100685,47.683327
153377_8,87.81308,33.65258
153377_9,39.405052,62.676575
153377_10,34.756363,61.943993
153377_11,72.18818,40.17122
153377_12,65.295616,38.336506
153377_13,50.583435,37.334736
153377_14,53.941193,59.198696
153377_15,36.607388,60.84243
153377_16,85.918945,51.894684
153377_17,84.811356,38.792633
153377_18,41.93452,61.775475
153377_19,36.86367,7.703407
153377_20,54.52,14.628468
153377_21,30.11912,11.073842
153377_22,84.55824,14.767371
153377_23,52.12901,8.854509
153377_24,89.32499,41.864624
153377_25,80.22667,9.436591
153377_26,78.8173,39.653816
153377_27,74.34323,20.654188
153377_28,75.00664,35.69272
153377_29,88.93611,50.853363
153377_30,47.95285,58.633957
153377_31,74.67595,25.820942
153377_32,82.128105,11.276773
153377_33,33.768524,7.8873014
153377_34,87.96455,48.315704
153377_35,85.09313,29.331516
153377_36,65.28419,46.224487
153377_37,89.34421,23.430502
153377_38,82.420044,55.807846
153377_39,41.307625,11.055221
153377_40,32.973583,60.21397
153377_41,28.749376,11.734349
153377_42,71.94414,9.474436
153377_43,55.393475,60.86143
153377_44,89.81636,48.27751
153377_45,85.59747,12.903586
153377_46,28.936722,29.054432
153377_47,64.29149,37.606926
153377_48,45.938423,63.44279
153377_49,76.46812,44.981125
153377_50,49.941547,50.663555
153377_51,73.45017,14.54582
153377_52,74.47861,8.895456
153377_53,72.38202,50.021336
153377_54,79.546715,44.211357
153377_55,71.8553,21.042765
153377_56,84.03848,14.949193
153377_58,56.526417,61.106747
153377_59,61.038177,8.395362
153377_60,79.41053,55.98534
153377_63,82.82643,56.05166
153377_64,87.642395,19.027893
153377_65,75.495346,9.293016
153377_66,83.85448,53.461704
153377_67,87.68715,33.820633
153377_68,48.137024,12.495267
153377_69,71.21624,15.482143
153377_70,86.50534,17.484035
153377_72,36.50783,13.534809
153377_73,84.38391,37.911884
153377_74,78.42697,54.372223
153378_1,75.01421,9.714221
153378_2,51.9737,61.364334
153378_3,80.37222,9.920861
153378_4,68.16949,13.210015
153378_5,83.86376,12.530334
153378_6,89.329124,45.73813
153378_8,63.01272,43.48113
153378_9,81.59993,19.991978
153378_11,45.394352,59.693703
153378_12,67.74443,34.227085
153378_13,50.597187,39.044495
153378_14,83.13627,11.995405
153378_15,84.76205,41.523285
153378_16,37.71961,63.873646
153378_17,82.52472,13.718673
153378_18,82.32487,29.553154
153378_19,87.140076,52.196075
153378_20,87.454216,36.667137
153378_21,51.44116,10.739637
153378_22,64.047134,14.454868
153378_23,84.503006,20.162764
153378_24,83.964096,46.87296
153378_25,47.409515,10.347787
153378_26,70.430954,9.774136
153378_27,81.89319,9.782068
153378_28,83.9315,10.107255
153378_29,85.54689,19.828259
153378_30,55.242355,61.351513
153378_31,50.31314,10.374712
153378_32,27.606152,8.464993
153378_33,72.5688,43.768044
153378_34,76.9405,52.108368
153378_35,39.942932,15.092129
153378_36,58.593857,9.644408
153378_37,77.008385,11.080536
153378_38,75.052864,11.789004
153378_39,33.55365,61.123978
153378_40,89.05534,43.637077
153378_41,85.22496,20.073631
153378_42,73.07445,58.12606
153378_43,85.71992,45.26439
153378_44,34.070477,61.238567
153378_45,75.61939,29.886898
153378_46,88.16736,30.114225
153378_47,31.025023,14.818977
153378_48,67.88145,10.49569
153378_49,36.06924,61.86639
153378_50,46.26287,64.07213
153378_51,74.11987,52.52878
153378_52,89.16289,38.082657
153378_53,77.96856,52.103054
153378_55,80.98818,9.708522
153378_56,79.50046,20.087206
153378_58,30.086512,8.138606
153378_59,84.29914,57.579514
153378_60,35.240425,8.003927
153378_61,43.17564,58.232643
153378_62,83.41565,13.921708
153378_64,59.3065,12.416461
153378_65,42.453056,64.598816
153378_66,45.7358,62.05793
153378_67,82.9445,13.143375
153378_69,30.397942,19.039036
153378_70,86.15682,54.74873
153378_71,84.94347,57.095596
153378_72,78.99505,10.822515
153378_73,46.8647,62.87648
153378_74,80.314095,56.44047
153378_75,85.86451,49.352505
153378_76,86.44836,21.482948
153378_77,87.8884,46.315964
153378_78,81.58788,13.056109
153378_79,78.30521,9.551479
153378_80,74.92316,42.621426
153378_81,80.28209,11.348814
153378_82,31.395172,19.490911
153378_83,66.35871,27.570116
153378_84,83.06539,13.116495
153378_85,78.288025,13.643654
153378_86,52.89001,14.29701
153378_87,72.27374,44.077694
153378_88,29.379126,12.0981455
153378_89,39.092785,10.549323
153378_90,50.102688,59.262386
153378_91,48.244774,18.44783
153378_92,48.76947,60.633938
153378_93,69.8653,10.640112
153379_1,45.154232,9.7613125
153379_2,62.804317,18.031858
153379_3,52.093143,19.27963
153379_4,47.600628,13.317453
153379_5,26.350193,9.175795
153379_6,35.243557,52.579247
153379_7,89.20499,44.36635
153379_9,58.984035,12.915987
153379_11,51.046413,60.302197
153379_12,73.235435,59.221916
153379_13,86.343,20.038675
153379_15,76.53316,59.16369
153379_16,37.922207,59.57065
153379_17,46.710564,58.995056
153379_18,81.57419,55.450237
153379_19,61.13247,44.50328
153379_20,52.859455,54.05752
153379_21,81.26521,54.909927
153379_22,40.53076,60.700253
153379_23,46.24995,61.685486
153379_24,78.199135,12.227011
153379_25,55.920727,61.207607
153379_26,44.595936,25.339403
153379_27,60.617622,56.371075
153379_29,29.5628,8.459956
153379_30,65.26709,44.91937
153379_31,32.144222,8.768089
153379_32,49.122696,7.811323
153379_33,46.246017,61.550156
153379_34,33.98886,14.558449
153379_35,78.63764,24.940395
153379_36,48.946095,24.144005
153379_37,46.423264,35.691727
153379_38,32.99216,48.157936
153379_39,51.153053,13.9118185
153379_40,82.64496,50.23788
153379_41,43.192463,40.110294
153379_42,60.42851,24.016651
153379_43,48.84779,36.57419
153379_44,56.282654,15.411137
153379_45,53.52193,12.764533
153379_46,37.051765,61.08407
153379_47,58.271908,20.313341
153379_48,39.480434,34.926823
153379_49,55.377163,14.037596
153379_50,34.496197,49.18377
153379_51,68.65501,32.2146
153379_52,86.4104,49.65196
153379_54,36.38748,36.985382
153379_55,41.489555,46.991623
153379_56,33.343834,50.399612
153379_57,87.74503,48.904785
153379_58,62.392334,15.160686
153379_59,30.943527,18.713425
153379_60,44.45386,60.19192
153379_61,74.59485,10.974226
153379_62,57.433796,15.278609
153379_63,87.92647,45.82241
153379_64,71.409485,11.284358
153379_65,61.883007,51.131443
153379_66,86.875534,24.649519
153379_67,85.31113,48.006027
153379_68,79.45278,19.681702
153379_69,46.20405,12.725951
153379_70,80.32621,49.764153
153379_71,88.29391,45.018654
153379_72,76.29134,50.436924
153379_73,27.330963,8.412715
153379_74,40.44634,62.902782
153379_75,83.737885,21.582777
153379_76,82.83345,57.388542
153379_77,86.77202,32.402096
153379_78,75.56514,56.945442
153379_79,83.18168,53.309784
153379_80,80.552734,51.946995
153379_81,59.031666,44.017475
153379_82,76.6432,21.119783
153379_84,69.52873,11.558845
153379_87,64.88089,57.543915
153379_88,88.14321,25.233442
153379_89,87.421814,26.534107
153379_90,53.14749,13.886675
153379_91,79.420975,56.58503
153379_92,85.67538,46.42783
153379_93,86.296196,49.21048
153379_94,86.66419,54.187176
153379_96,50.27119,35.574654
153379_97,78.99331,47.946102
153379_98,63.03428,59.16265
153379_100,79.785835,34.67166
153380_1,64.71716,10.079197
153380_2,70.545586,58.21916
153380_3,36.86873,59.95635
153380_4,77.97786,55.193817
153380_5,63.270794,45.978737
153380_6,78.32185,54.521145
153380_8,81.21378,24.46587
153380_9,86.3561,19.513462
153380_10,29.617216,9.969601
153380_11,54.982967,47.84399
153380_12,78.27116,38.32019
153380_13,79.58124,55.503963
153380_15,38.725864,57.520638
153380_16,75.17437,56.885628
153380_17,82.59231,51.169712
153380_18,86.62035,52.113205
153380_20,82.528465,10.687094
153380_21,36.42929,49.813297
153380_22,54.665276,9.774139
153380_23,76.128494,10.156174
153380_24,53.128677,62.31525
153380_25,79.25575,54.88388
153380_26,29.212637,14.568696
153380_27,53.29702,62.201046
153380_28,78.03951,11.774447
153380_29,40.02802,38.20177
153380_30,79.311584,10.505752
153380_31,37.865353,61.295372
153380_32,81.31767,54.65329
153380_33,43.397766,18.061115
153380_34,28.745794,9.943562
153380_35,85.71818,54.345078
153380_36,25.232351,6.960827
153380_37,78.118355,13.916491
153380_38,82.47809,11.932938
153380_39,79.465034,9.388348
153380_40,29.225426,12.330214
153380_41,60.15323,53.754044
153380_42,81.68889,14.702536
153380_44,83.47015,44.841793
153380_45,53.539467,10.537973
153380_46,86.802444,46.815052
153380_47,83.453995,12.391068
153380_48,83.77283,12.807458
153380_49,82.55367,47.167076
153380_50,88.27598,39.726048
153380_52,74.5338,54.284447
153380_53,53.097183,44.93716
153380_54,75.75574,28.087553
153380_55,83.460724,44.843037
153380_57,49.546375,12.153888
153380_58,81.96175,56.865524
153380_59,59.83345,56.21943
153380_61,83.61171,55.724167
153380_62,75.492424,54.17726
153380_63,27.546421,8.4297695
153380_64,70.938385,8.781883
153380_65,76.82538,9.035859
153380_66,59.56063,57.565166
153380_67,85.216095,50.987923
153380_68,57.5694,7.4379215
153380_69,81.96521,49.816956
153380_70,46.748386,50.942883
153380_71,75.897446,54.06947
153380_72,67.47115,50.88231
153380_74,86.258255,19.361921
153380_75,58.74075,56.461864
153380_76,87.306114,51.601555
153380_77,34.37687,11.85643
153380_78,68.590034,49.675346
153380_79,36.514618,9.215768
153380_80,60.43221,36.57451
153380_81,85.27387,45.571068
153380_82,89.007324,25.809383
153380_83,65.330284,44.013924
153380_84,80.65713,14.076928
153380_85,70.12643,9.022379
153380_86,79.60918,40.22908
153380_87,80.802536,23.751143
153380_88,26.593065,9.275408
153380_89,85.85983,40.543278
153380_90,84.7739,37.261047
153380_91,79.79797,51.144257
153380_92,38.10382,53.240925
153380_93,59.82457,29.777847
153380_94,38.82136,60.05783
153380_95,82.82107,15.019081
153380_96,76.54655,48.178135
153380_97,58.5796,9.744467
153380_98,87.50394,30.87121
153380_99,56.329655,46.00519
153380_100,65.19837,60.591274
153380_101,58.58219,31.611689
153380_102,76.96182,46.31097
153380_103,80.10568,55.635906
153380_104,63.7606,58.996765
153380_105,82.42581,16.543774
153380_106,79.129875,54.90141
153380_107,78.99682,11.365677
153381_1,73.805405,9.6540985
153381_2,63.334106,55.3939
153381_3,75.56548,59.347424
153381_4,37.025394,11.745274
153381_5,83.95124,13.684225
153381_6,85.61203,53.451954
153381_7,70.71615,24.15807
153381_8,52.35204,31.177338
153381_10,51.154648,32.072124
153381_11,68.460434,59.775238
153381_12,50.77352,27.689842
153381_13,77.52977,58.91225
153381_14,86.19158,52.922447
153381_16,83.078026,40.86623
153381_17,51.7879,12.731968
153381_18,81.74202,52.442886
153381_21,44.54071,62.320076
153381_22,57.883976,25.10302
153381_23,47.29218,63.36864
153381_24,40.932438,62.721077
153381_25,84.32595,13.504097
153381_26,76.855446,25.026827
153381_27,29.553486,13.502286
153381_28,74.351776,17.608994
153381_29,76.788185,42.95234
153381_30,83.318146,16.390377
153381_31,62.965794,38.25555
153381_32,29.025902,11.09403
153381_33,49.59662,58.81661
153381_34,35.470776,14.484343
153381_35,81.63359,11.716149
153381_36,89.10301,40.790558
153381_37,86.60762,48.23306
153381_39,81.81409,13.751958
153381_41,85.64173,54.59204
153381_42,81.76597,20.688622
153381_43,77.4856,27.94644
153381_44,83.19116,38.361103
153381_45,47.808075,11.326787
153381_46,73.95482,57.9377
153381_47,65.492134,10.483502
153381_48,39.880222,16.858543
153381_49,87.42138,42.965096
153381_50,34.70861,9.546709
153381_51,85.60158,19.274782
153381_52,82.69558,20.230593
153381_55,46.2209,35.715195
153381_57,88.78951,46.298157
153381_58,70.36005,36.398235
153381_59,82.26135,15.99269
153381_60,59.022644,62.15905
153381_61,58.032917,60.83487
153381_62,88.3951,47.496643
153381_63,86.29456,37.6556
153381_64,56.016888,18.499287
153381_65,40.358902,63.59796
153381_66,80.04447,32.59877
153381_67,87.342476,52.74788
153381_68,79.237686,53.826134
153381_70,81.82308,13.39021
153381_71,87.124954,47.063683
153381_72,30.39822,51.47706
153381_73,77.28902,54.210766
153381_74,82.03189,53.49497
153381_75,82.18722,45.3928
153381_76,84.402985,24.377039
153381_79,26.80499,9.058663
153381_80,86.08412,53.22284
153381_82,86.67255,26.066597
153381_83,81.80166,9.905514
153381_84,75.155975,22.256649
153381_85,83.36184,46.87306
153381_88,80.69879,10.910212
153381_89,84.238,36.77344
153381_90,49.77149,12.116046
153381_92,42.376583,48.691948
153381_93,86.44905,25.957958
153381_94,84.90192,12.336447
153381_95,84.0208,29.751442
153381_96,81.422134,54.431087
153382_1,74.13774,58.097126
153382_2,38.057407,62.98326
153382_3,72.98853,15.494635
153382_4,83.483086,41.316563
153382_5,83.65089,13.033517
153382_6,81.41479,9.190215
153382_7,84.02973,55.58224
153382_8,77.48967,55.355217
153382_10,80.71246,58.46349
153382_11,32.833054,19.17259
153382_12,28.372923,7.8727894
153382_13,81.49402,37.992634
153382_14,81.4789,55.821953
153382_15,31.713522,7.65541
153382_16,50.87222,10.625943
153382_17,89.61511,46.353016
153382_18,64.41812,59.19169
153382_19,81.968216,55.208935
153382_20,80.3586,52.74962
153382_22,86.289665,54.27722
153382_23,78.476944,19.59438
153382_24,86.03498,47.920025
153382_25,37.437637,62.948803
153382_26,63.80328,55.789917
153382_27,32.80104,59.421146
153382_28,80.009224,44.799683
153382_29,85.95087,54.764847
153382_30,88.61397,46.20403
153382_31,88.010735,49.119526
153382_32,70.2989,46.73477
153382_34,84.4881,30.39901
153382_35,85.18206,50.954693
153382_36,86.86303,48.9
153382_37,77.75853,18.454853
153382_38,70.07606,15.269549
153382_39,32.54025,22.995945
153382_40,78.193436,52.720913
153382_41,91.54074,32.08386
153382_42,88.88902,21.10123
153382_43,42.90035,58.814392
153382_44,75.97843,43.75351
153382_45,75.05597,12.093184
153382_47,83.14904,57.922623
153382_49,47.436764,13.15841
153382_50,35.147408,58.020145
153382_51,37.194557,57.684036
153382_52,84.130104,38.44897
153382_53,45.991318,36.809017
153382_54,86.669624,47.18556
153382_55,74.79777,25.89102
153382_56,43.336937,34.346962
153382_57,58.739143,8.681935
153382_58,71.85531,8.55222
153382_59,61.983738,34.622173
153382_63,70.45553,54.095547
153382_64,88.36368,48.49616
153382_65,35.546955,53.35121
153382_66,78.58037,58.805176
153382_67,82.26165,11.495394
153382_68,75.44439,11.309651
153382_70,83.41426,12.526983
153382_71,87.129395,52.376514
153382_72,55.267403,8.702345
153382_73,86.45158,54.05924
153382_75,58.3552,10.871797
153382_76,69.20051,45.5381
153382_77,37.869797,61.21816
153382_78,86.76548,42.777397
153382_80,54.551533,31.053698
153382_81,85.58335,38.890182
153382_82,89.27343,30.544441
153382_83,85.20792,18.28832
153382_84,85.55473,34.554474
153382_85,76.4175,46.35152
153382_87,87.83682,22.633566
153382_88,62.61348,56.765068
153382_89,41.954754,41.48827
153383_1,86.56654,49.09605
153383_2,39.643433,59.879578
153383_4,39.204163,6.823914
153383_5,74.95762,12.6671505
153383_6,81.493126,10.997199
153383_7,86.677826,14.255939
153383_8,30.933453,58.013134
153383_9,87.84829,28.865862
153383_10,88.07301,50.742004
153383_11,81.00174,56.842224
153383_13,26.591331,8.382718
153383_14,62.54722,17.52979
153383_15,83.611,13.481926
153383_16,78.64336,10.007132
153383_17,47.534184,38.157207
153383_18,73.535164,56.948467
153383_19,86.53459,55.701775
153383_20,73.18181,10.24507
153383_21,61.777546,11.540877
153383_22,76.24842,50.626396
153383_23,83.849396,28.77568
153383_24,83.99512,54.521812
153383_25,83.47037,56.318886
153383_26,36.14373,27.765886
153383_27,85.33087,48.139004
153383_28,64.07744,11.979589
153383_29,83.785126,25.676537
153383_30,60.251762,44.251297
153383_31,74.56911,53.40613
153383_32,34.290733,54.562244
153383_34,70.91889,9.6962185
153383_35,84.810616,36.929283
153383_36,86.7267,17.870747
153383_37,57.514828,27.991215
153383_38,79.311584,10.882393
153383_39,62.469383,58.024883
153383_40,73.87691,8.6542015
153383_41,45.64183,19.191631
153383_42,50.02528,60.491295
153383_43,25.739079,7.5078588
153383_44,80.230736,58.77904
153383_45,83.813866,43.232548
153383_46,54.60967,33.730816
153383_47,90.23341,45.361797
153383_48,85.33844,44.959305
153383_49,78.84173,9.670718
153383_50,71.506714,58.798367
153383_51,41.451393,63.919804
153383_53,81.84896,26.24836
153383_54,40.028793,10.267775
153383_55,34.38194,61.418568
153383_56,86.66964,16.712841
153383_57,83.37627,34.958233
153383_58,57.828365,55.365925
153383_59,86.278534,48.445946
153383_60,81.03823,10.826336
153383_62,85.55866,34.35605
153383_64,86.23858,46.048786
153383_65,36.499184,55.52792
153383_66,68.19678,9.0467205
153383_67,73.394135,53.34712
153383_68,80.27224,20.854023
153383_69,48.20245,7.2648025
153383_70,46.94682,8.005052
153383_71,87.01035,49.978592
153383_73,36.705753,59.64152
153383_74,60.52463,61.95418
153383_75,59.492046,38.01633
153383_76,72.661354,55.815125
153383_77,78.24152,54.33264
153383_78,84.14194,47.441788
153383_79,79.68544,46.229538
153383_80,90.17483,31.39421
153383_81,57.70038,26.364298
153383_82,29.276026,9.109675
153383_83,83.22814,51.544296
153383_84,78.003,54.291893
153383_86,54.23193,57.887352
153384_1,74.88286,57.54959
153384_2,52.50935,52.212624
153384_3,45.838135,8.002716
153384_4,41.86555,31.591963
153384_5,66.3092,8.967675
153384_6,81.151794,56.046432
153384_7,62.668777,9.654786
153384_9,80.78067,28.025246
153384_10,73.03345,36.738476
153384_11,62.04556,10.990229
153384_12,88.73035,53.3899
153384_15,74.73322,55.247494
153384_16,70.928734,15.045017
153384_17,62.856834,48.796753
153384_18,63.91335,10.113559
153384_19,83.539925,33.441277
153384_20,82.514565,23.958612
153384_21,60.11641,42.599564
153384_23,55.341267,34.072308
153384_24,55.802715,58.55939
153384_25,74.317085,56.771935
153384_27,80.42098,55.01204
153384_28,80.39691,56.179733
153384_29,82.38148,12.336185
153384_30,74.806404,55.853275
153384_32,81.464134,34.634583
153384_33,76.47753,58.292747
153384_34,88.33902,41.80848
153384_35,37.939377,8.15496
153384_36,90.84564,25.586475
153384_37,48.98237,49.72691
153384_38,38.50977,48.790874
153384_39,73.90231,58.54998
153384_40,28.928144,11.923288
153384_43,76.66383,9.6957655
153384_44,54.529034,38.588173
153384_45,60.78245,26.417736
153384_46,81.9213,55.238262
153384_48,86.33853,54.439426
153384_49,28.060225,11.435142
153384_50,47.717175,61.414825
153384_51,85.67054,15.9867115
153384_52,43.756935,61.704727
153384_53,72.20254,10.44755
153384_54,84.552444,10.806939
153384_55,80.607735,11.332789
153384_58,85.605576,52.172512
153384_60,62.791965,12.270089
153384_61,83.68361,32.471603
153384_62,75.40374,38.611702
153384_63,67.78169,30.380344
153384_65,30.336157,8.002559
153384_66,28.271698,11.2125435
153384_69,84.40807,11.824805
153384_70,39.40533,10.27417
153384_71,37.96348,7.9826574
153384_73,32.121048,60.117958
153384_74,38.332054,62.481213
153384_75,81.72792,13.867468
153384_76,38.6962,41.971664
153384_77,85.985176,19.92564
153384_80,56.345547,30.80826
153384_81,75.1313,25.481493
153384_82,81.44382,10.701162
153384_85,86.56772,48.89774
153384_86,81.57796,17.77746
153384_87,60.283382,52.967003
153384_88,64.732414,12.88764
153384_89,83.69573,10.251645
153384_90,63.8745,13.566674
153384_91,44.966988,57.511234
153384_93,61.99251,20.943613
153384_94,42.61638,50.772358
153384_95,87.985435,27.342749
153384_96,83.61595,24.32037
153384_97,34.01933,9.12837
153384_98,80.03935,56.260777
153384_99,26.517632,7.7641
153384_100,85.59747,34.721085
153384_101,45.62534,37.447674
153384_103,48.353615,48.353615
153384_104,84.77464,40.79889
153384_105,74.55901,18.164078
153384_106,52.07227,53.839283
153384_107,71.060165,48.750175
153384_108,80.512245,10.87286
153384_109,86.40865,47.87407
153384_110,78.523834,50.600143
153384_111,86.71183,53.07
153384_113,54.073498,37.009033
153384_114,90.37201,35.33945
153384_116,88.89564,49.141346
153384_117,86.31347,49.72845
153384_119,87.03012,44.739628
153385_1,83.89526,52.587917
153385_2,46.431534,17.255228
153385_3,64.10217,58.21447
153385_4,29.734268,59.59562
153385_5,76.068405,9.513275
153385_6,60.65168,55.64459
153385_7,51.511288,63.25532
153385_8,81.094574,25.0057
153385_9,75.22622,57.909565
153385_10,87.29326,54.28913
153385_11,83.80935,46.218464
153385_12,61.540123,48.62314
153385_13,35.97747,61.17602
153385_16,61.224533,16.509247
153385_17,74.7968,55.11092
153385_18,64.8417,47.16239
153385_19,36.31613,62.98394
153385_20,32.99459,61.771458
153385_21,58.483757,60.40621
153385_22,74.075035,59.027
153385_23,87.951355,50.46433
153385_24,38.271133,58.54325
153385_25,34.55116,58.19728
153385_26,73.51711,24.453182
153385_28,79.28913,46.14244
153385_30,38.588337,60.785084
153385_31,77.18484,10.659779
153385_34,59.49107,11.851576
153385_35,33.516407,59.397495
153385_36,80.21957,55.884502
153385_38,87.20896,25.167356
153385_39,87.167435,46.506985
153385_40,87.44814,43.896614
153385_41,74.972824,9.742372
153385_42,37.352898,52.829758
153385_43,47.76833,61.60007
153385_44,26.600168,8.440952
153385_45,85.17841,46.754215
153385_47,84.705505,47.906
153385_48,46.721714,39.046165
153385_49,28.298897,51.61037
153385_50,46.26248,8.772834
153385_51,78.185715,57.25424
153385_52,85.27028,16.517855
153385_53,87.72173,50.121826
153385_54,61.009315,47.05115
153385_55,72.41081,14.798569
153385_58,66.750565,56.790672
153385_59,87.71294,28.83353
153385_60,79.38324,10.740522
153385_61,76.36001,46.531784
153385_63,65.68489,56.14586
153385_64,68.35757,12.924127
153385_65,52.59275,44.382668
153385_66,89.69942,20.723368
153385_67,75.563805,28.336094
153385_68,85.163925,25.766483
153385_69,79.02686,55.741226
153385_70,51.45277,36.355503
153385_72,80.985535,55.194336
153385_74,72.26063,12.864543
153385_75,53.49445,11.368522
153385_76,80.138695,18.228107
153385_77,84.04414,58.467766
153385_79,41.55723,11.230309
153385_80,71.776695,20.194134
153385_81,70.4169,13.5313835
153385_82,39.487633,57.642933
153385_83,89.55378,23.770357
153385_84,84.50612,23.706486
153385_89,76.188416,37.8635
153385_90,91.63899,41.697548
153386_1,82.68613,12.03388
153386_2,84.72897,35.864273
153386_3,45.177704,41.67874
153386_4,69.01949,29.240543
153386_5,75.440575,24.292921
153386_6,80.757324,34.084457
153386_7,73.70538,58.256775
153386_8,76.67918,25.348171
153386_10,66.681404,44.03822
153386_12,68.34618,55.136482
153386_13,55.561996,62.51725
153386_14,37.438034,54.074062
153386_15,87.686455,47.67686
153386_16,80.21921,9.860925
153386_17,35.66925,61.47836
153386_18,83.460266,8.842032
153386_20,73.70425,22.72224
153386_21,82.58677,13.53639
153386_22,71.70526,56.942566
153386_23,86.47779,26.569057
153386_24,85.54726,48.18557
153386_25,77.69425,14.178023
153386_26,81.63155,8.714657
153386_28,51.538734,41.45085
153386_29,80.19998,45.697643
153386_31,51.802246,30.538351
153386_33,55.001316,61.709003
153386_34,69.453445,15.262217
153386_35,55.971985,58.36566
153386_36,84.55393,11.655199
153386_37,35.42552,60.07146
153386_38,83.43733,50.12493
153386_39,55.57808,26.723543
153386_40,46.588966,48.555424
153386_41,45.746624,10.22087
153386_42,76.497536,35.040657
153386_43,86.13698,55.153008
153386_44,67.739624,47.957344
153386_45,82.823975,48.307526
153386_46,86.02193,31.663994
153386_47,68.21984,57.48711
153386_48,59.005035,12.898849
153386_49,37.621246,62.662613
153386_50,33.784073,8.745903
153386_51,62.678196,52.132862
153386_52,75.8019,53.373528
153386_53,42.9688,55.682945
153386_54,90.39155,40.239914
153386_55,92.12588,27.689125
153386_56,69.762665,51.12589
153386_57,87.0996,18.011208
153386_58,71.173134,38.350536
153386_59,71.917946,35.852222
153386_60,83.82617,20.374588
153386_61,86.15741,15.984472
153386_62,67.24859,41.14561
153386_63,81.638954,56.459904
153386_64,83.465485,53.718678
153386_66,79.26052,9.624165
153386_67,59.517166,55.786186
153386_69,73.98668,15.644053
153386_70,34.798233,22.895687
153386_72,75.58591,9.761965
153386_73,28.907766,15.426512
153386_74,43.78539,13.4199095
153386_76,88.31866,48.120167
153386_77,84.149414,32.222153
153386_78,73.95703,12.841223
153386_79,86.04304,21.64121
153386_80,34.768707,36.158245
153386_81,86.36292,50.59765
153386_82,83.493675,35.234043
153387_1,80.06114,11.0661545
153387_2,82.740616,9.530171
153387_3,78.45853,52.354572
153387_4,85.98426,22.721493
153387_5,71.59235,34.754375
153387_6,47.51663,56.77459
153387_7,39.48444,10.651698
153387_8,88.22095,45.060535
153387_10,86.618515,18.299807
153387_11,67.623344,58.336895
153387_12,39.811615,62.129932
153387_13,63.453304,15.752546
153387_14,76.90674,11.883056
153387_15,33.650414,9.651768
153387_16,82.56685,11.860193
153387_17,83.026215,11.186433
153387_18,81.575745,10.036289
153387_19,86.704575,31.043993
153387_20,60.42336,10.419855
153387_21,82.75429,44.71487
153387_22,78.98933,57.4432
153387_25,68.60231,51.39492
153387_26,33.225193,11.47906
153387_27,89.64279,48.826824
153387_29,84.631744,14.441781
153387_30,83.22705,15.745463
153387_31,81.34438,12.744986
153387_32,88.51496,52.574066
153387_33,37.40531,8.063557
153387_34,83.132355,24.330927
153387_35,40.111057,56.88854
153387_36,80.20601,39.83447
153387_37,61.5468,37.90204
153387_38,84.1679,23.669058
153387_39,34.84966,14.152224
153387_40,29.503334,8.632068
153387_41,62.855217,37.503746
153387_42,84.64145,14.786946
153387_43,84.33867,51.915443
153387_44,86.405975,22.048355
153387_45,84.70316,17.035208
153387_46,47.866817,56.5984
153387_47,89.01684,44.9438
153387_48,65.91843,57.643986
153387_49,73.55034,33.07582
153387_50,88.39039,41.652416
153387_51,85.6066,34.073856
153387_52,44.305714,61.988834
153387_54,86.6181,32.10177
153387_55,75.29531,44.100197
153387_56,84.59856,35.65694
153387_57,84.36558,16.512535
153387_58,73.86755,11.358299
153387_59,83.78328,48.404896
153387_60,54.16825,8.472668
153387_61,81.34655,10.5093155
153387_62,87.101074,16.071201
153387_63,77.42314,53.12458
153387_64,75.87663,58.05418
153387_66,33.61577,57.146027
153387_67,87.079506,54.050194
153387_68,75.8267,12.837137
153387_69,84.86494,17.604866
153387_70,56.822086,35.24035
153387_71,66.96994,21.818243
153387_72,87.47272,48.83519
153387_73,36.15233,41.27688
153387_74,64.6044,58.743454
153387_75,56.398525,60.89384
153387_76,51.82934,35.08156
153387_77,90.59033,44.369354
153387_78,88.93392,25.3255
153387_79,70.88546,12.906818
153387_80,85.83008,14.422563
153387_81,85.92984,53.87732
153387_82,88.08919,53.76612
153387_83,86.004074,24.285982
153387_84,84.20703,57.62668
153387_85,85.636,19.63138
153387_86,48.524326,9.98078
153387_87,36.237328,43.71071
153387_88,57.175014,9.31836
153388_1,72.44064,9.755219
153388_2,87.66512,16.478409
153388_4,91.036804,43.883533
153388_5,76.687706,11.444594
153388_6,85.1266,52.64632
153388_7,45.354183,6.829408
153388_8,71.24209,7.953327
153388_9,82.03945,48.16878
153388_10,73.71485,11.269029
153388_11,51.603977,10.879398
153388_12,87.03886,38.620144
153388_13,90.392784,21.269808
153388_14,77.23865,11.32805
153388_15,63.560123,56.462383
153388_16,72.217064,58.094048
153388_17,75.61794,10.982464
153388_18,70.804245,10.585437
153388_19,40.489933,52.75347
153388_20,32.210075,6.92679
153388_21,76.04119,57.664017
153388_22,74.02445,10.354823
153388_23,70.4544,39.05542
153388_24,82.77465,10.746
153388_25,75.90825,55.67704
153388_26,41.609364,32.70809
153388_27,74.65545,11.573246
153388_28,88.301,43.266075
153388_29,80.34822,15.448709
153388_32,83.99144,14.631864
153388_33,77.5951,13.271257
153388_34,78.57941,56.13161
153388_35,89.02889,24.743032
153388_36,59.24874,49.233646
153388_37,86.68494,55.3568
153388_38,83.8475,11.495912
153388_39,32.147556,7.7856426
153388_40,87.66592,48.172176
153388_41,59.514164,34.161724
153388_42,79.54172,9.42509
153388_43,87.63407,49.857418
153388_44,69.65793,41.83972
153388_45,36.47516,61.320915
153388_46,86.64462,48.236053
153388_47,81.34794,39.03512
153388_48,54.867367,44.496212
153388_49,55.800488,62.618618
153388_50,77.71698,47.26619
153388_51,81.761795,11.997045
153388_52,51.115364,45.78026
153388_54,84.08449,10.241699
153388_55,31.044985,60.52579
153388_56,76.91672,10.125004
153388_57,37.568554,20.095675
153388_59,90.16149,32.13668
153388_60,88.42215,37.601696
153388_61,89.604485,40.53253
153388_62,80.297874,16.540836
153388_63,62.819206,39.09231
153388_64,81.746185,54.991806
153388_65,72.65715,60.052853
153388_66,37.488873,10.362879
153388_67,86.24072,55.059326
153388_68,53.8533,51.468773
153388_69,71.52285,56.10317
153388_70,75.117195,56.13268
153388_71,80.07519,35.45668
153388_72,72.92178,15.303794
153388_73,79.17874,29.358868
153388_74,77.70756,21.857403
153388_75,79.73722,37.90863
153388_78,85.94412,41.320374
153388_79,75.46849,12.38596
153388_80,56.420265,60.933167
153388_81,85.63571,35.026844
153388_82,53.01336,39.39948
153389_1,81.960655,56.17664
153389_2,27.994078,9.658407
153389_3,46.49148,13.405077
153389_4,72.754715,55.521656
153389_5,80.56425,56.825813
153389_6,62.760628,58.61789
153389_8,69.08294,47.74205
153389_9,69.99823,34.10145
153389_10,77.19442,9.275509
153389_11,77.63459,8.676531
153389_12,29.284843,60.425983
153389_13,70.377846,46.827015
153389_14,91.591866,44.108055
153389_15,76.6545,28.907568
153389_16,87.50791,53.11791
153389_17,51.140305,60.14439
153389_18,87.74687,52.748512
153389_19,72.076256,46.76865
153389_21,39.45069,62.95684
153389_22,37.77702,7.856824
153389_23,82.76885,26.285671
153389_24,83.42902,28.836468
153389_25,85.05319,50.04947
153389_26,71.09198,10.301328
153389_27,69.64677,39.580093
153389_28,82.90361,39.104134
153389_29,55.97599,59.833286
153389_30,84.05587,55.712833
153389_31,86.23807,53.430637
153389_32,86.07113,43.014755
153389_33,72.61386,42.165287
153389_34,32.66852,53.030407
153389_35,75.984184,54.52162
153389_36,76.24598,29.206997
153389_37,78.537575,44.437332
153389_38,27.863808,15.688332
153389_39,83.09292,55.84837
153389_40,37.265553,62.0003
153389_41,80.45407,57.31048
153389_42,81.79067,42.144283
153389_43,55.324482,30.647987
153389_45,70.981064,54.230988
153389_47,69.384026,53.79863
153389_48,71.16697,54.790802
153389_50,74.63518,49.125797
153389_51,26.863045,53.47512
153389_52,67.79799,9.024384
153389_53,69.83814,57.808342
153389_54,82.794716,54.75224
153389_55,66.72592,56.891205
153389_57,81.6697,9.579525
153389_58,89.94768,47.07144
153389_60,84.868225,52.750267
153389_61,26.518358,7.626994
153389_62,36.691734,62.329094
153389_63,31.564428,53.746635
153389_64,78.92264,9.235403
153389_65,80.39738,9.248292
153389_66,85.75478,45.076218
153389_67,38.649723,10.762972
153389_68,88.37123,40.922348
153389_69,85.837135,49.023636
153389_70,87.62366,52.732025
153389_71,71.76918,17.605686
153389_72,81.267166,9.880846
153389_73,87.575935,37.321262
153389_75,87.83425,33.09817
153389_76,34.506737,18.266834
153389_78,88.098564,50.461933
153389_80,80.82421,47.221317
153389_81,89.13153,46.40997
153389_82,53.9938,10.654614
153390_1,46.38037,50.903084
153390_2,49.03956,12.604284
153390_3,81.27539,20.803951
153390_4,67.837875,30.325575
153390_5,78.99954,56.96187
153390_6,89.25146,32.928944
153390_7,80.65078,11.068519
153390_8,37.081524,60.26518
153390_9,86.599174,41.71066
153390_10,87.99433,16.796066
153390_11,36.02886,60.149002
153390_12,81.34608,13.005656
153390_13,34.143944,55.098484
153390_14,62.12358,33.27408
153390_15,33.991116,54.20766
153390_16,82.31656,45.424862
153390_17,61.46363,58.34207
153390_18,71.39086,30.775974
153390_19,60.19593,57.06835
153390_20,84.40078,49.168846
153390_21,82.1686,15.724148
153390_22,54.515408,15.073138
153390_24,37.32825,52.78205
153390_26,71.262924,9.406612
153390_27,89.69581,27.093386
153390_28,50.85031,8.975439
153390_29,37.704807,57.23298
153390_30,81.99611,43.665943
153390_31,85.893074,35.434925
153390_32,80.19243,31.581379
153390_33,68.42544,53.38245
153390_34,83.39775,33.19378
153390_35,38.90615,61.210815
153390_36,75.369896,15.687346
153390_37,83.84321,10.898756
153390_38,83.49574,24.795027
153390_39,59.47262,52.50752
153390_40,70.29686,40.67577
153390_41,30.981588,5.9583387
153390_42,87.80771,22.693716
153390_43,38.22843,54.970535
153390_44,34.904625,59.057625
153390_45,73.7911,17.535864
153390_46,72.804184,58.376785
153390_47,83.35096,54.271626
153390_48,59.911556,44.089043
153390_49,44.072506,58.817924
153390_50,59.968014,55.569168
153390_51,26.956787,9.053222
153390_52,34.315407,59.04497
153390_53,85.08388,14.785377
153390_56,38.406975,28.409557
153390_59,31.812828,16.474237
153390_60,53.330563,60.549156
153390_61,49.214725,62.484768
153390_62,64.70911,9.830806
153390_63,39.428505,58.772076
153390_64,30.634394,51.66723
153390_65,60.716267,47.30319
153390_66,83.015045,39.806236
153390_67,46.494453,53.82913
153390_68,83.66757,48.534687
153390_69,88.38014,51.483112
153390_71,32.868496,22.889917
153390_72,84.57708,55.547184
153390_73,34.954773,47.63635
153390_74,46.97274,28.980364
153390_75,52.07184,7.8138466
153390_76,50.05054,27.644922
153390_77,35.783737,55.02503
153390_78,82.22364,36.509388
153390_80,80.45606,54.475487
153390_81,81.21754,12.461953
153390_82,82.30216,17.760635
153390_83,63.316025,30.939789
153390_84,80.99062,12.477025
153390_86,75.491264,29.484037
153391_1,36.704063,61.323498
153391_2,79.21621,53.04562
153391_3,77.37049,8.94042
153391_5,41.86292,63.64964
153391_6,54.89181,23.512518
153391_9,37.28284,62.4544
153391_10,43.0242,62.333496
153391_11,86.67792,22.391243
153391_12,82.926834,37.453
153391_13,37.886696,7.910747
153391_14,76.30964,52.63544
153391_15,48.563194,42.81172
153391_16,87.31534,47.47853
153391_17,84.51838,49.798874
153391_18,84.359566,56.227734
153391_19,26.333519,7.8226466
153391_20,84.61323,54.15267
153391_21,78.192795,48.085182
153391_22,85.900894,49.908836
153391_24,58.054695,61.0852
153391_26,82.31096,55.637585
153391_27,82.817505,19.857578
153391_28,87.22301,18.025986
153391_29,82.58392,57.027645
153391_30,59.287594,40.978703
153391_31,48.60921,9.838223
153391_32,54.020958,60.886314
153391_33,87.14392,44.575874
153391_34,65.11996,59.812035
153391_35,72.773636,58.125896
153391_36,73.67076,24.36977
153391_37,52.755497,61.19435
153391_38,85.042885,52.538418
153391_39,47.89564,52.494617
153391_40,72.49808,26.000843
153391_41,30.103245,60.860767
153391_42,59.66639,57.05761
153391_43,44.4177,18.809097
153391_44,77.34197,41.6075
153391_45,72.180435,8.427556
153391_46,44.156754,55.39307
153391_47,82.0409,37.70868
153391_48,84.303444,33.5721
153391_49,69.54604,55.20188
153391_50,85.64428,51.72658
153391_51,87.67916,51.00564
153391_52,82.56041,56.139656
153391_53,55.771305,61.318047
153391_54,69.09236,12.574497
153391_55,83.98672,55.32498
153391_56,56.018723,36.56592
153391_57,74.91708,9.55912
153391_58,42.312767,60.48919
153391_59,67.14359,11.461435
153391_60,65.45684,11.247194
153391_61,75.88448,57.535362
153391_63,81.247246,33.32772
153391_64,80.6351,12.674601
153391_65,86.467155,29.17004
153391_66,87.583664,48.81879
153391_68,77.36447,56.902725
153391_69,69.647995,57.83573
153391_70,78.861465,10.237743
153391_71,73.73877,56.132713
153391_72,76.54799,11.358589
153391_73,80.93803,19.97775
153391_76,71.09706,48.367012
153391_77,81.26041,20.278666
153391_78,85.445114,50.922596
153391_79,76.04403,12.497945
153391_80,75.01748,24.047813
153391_81,51.853065,60.546898
153391_82,84.22425,47.86563
153391_83,84.0661,18.91757
153391_85,84.85639,46.56053
153391_86,82.69594,12.126741
153392_1,75.400345,10.572067
153392_2,77.55514,13.169575
153392_3,52.071114,61.77751
153392_4,78.38044,8.023155
153392_5,82.81357,9.157551
153392_6,88.97057,43.259197
153392_7,47.933563,62.64176
153392_8,87.39005,43.904842
153392_10,35.298756,7.3607645
153392_11,79.20821,25.800024
153392_13,34.91977,61.52125
153392_14,81.98966,55.43549
153392_15,77.358185,13.559347
153392_17,73.2861,52.708096
153392_18,82.90789,58.50333
153392_20,34.533604,60.815887
153392_21,41.501507,10.278923
153392_22,84.482056,30.199352
153392_23,87.40606,18.152388
153392_24,90.09671,18.013271
153392_25,38.134525,62.908806
153392_26,85.09379,27.429716
153392_27,57.12308,38.324898
153392_29,31.273773,13.222137
153392_30,65.22605,7.9753995
153392_32,34.547016,61.836613
153392_33,36.725574,62.863644
153392_34,49.448082,24.675812
153392_35,54.475037,12.109167
153392_36,74.94122,44.949703
153392_37,38.86631,43.070587
153392_38,81.89332,52.82692
153392_39,75.72703,9.7038355
153392_40,84.51299,28.504972
153392_41,87.87102,51.18024
153392_44,40.34235,17.692112
153392_45,45.21585,52.58849
153392_46,72.27115,11.21143
153392_47,52.72225,9.584128
153392_48,73.68116,8.793901
153392_49,85.47956,45.74026
153392_50,86.33224,44.311913
153392_52,50.42744,11.848339
153392_53,81.654686,55.635925
153392_54,87.712395,53.547813
153392_55,81.921326,11.43839
153392_56,56.17179,27.500128
153392_57,57.46659,33.147266
153392_59,34.573414,9.030987
153392_60,26.216223,7.877722
153392_62,77.73911,11.33511
153392_63,55.149693,61.725086
153392_64,81.112465,25.19812
153392_65,82.50852,35.725254
153392_66,62.052692,7.8359
153392_67,83.003044,32.460243
153392_68,60.26249,28.341105
153392_71,88.08395,20.370676
153392_72,87.29341,41.652584
153392_73,74.86258,57.562782
153392_74,87.18222,53.66197
153392_75,72.97724,58.22585
153392_76,68.27266,27.668724
153392_77,83.434166,25.827282
153392_78,83.528755,15.334852
153392_79,69.12639,56.217037
153392_80,37.94653,8.981465
153392_81,56.296047,59.836384
153392_82,86.07282,47.854183
153392_83,34.173286,58.66665
153392_84,70.70473,10.029614
153392_85,67.17066,8.575939
153392_86,86.808655,54.52623
153392_87,79.79636,58.977352
153392_89,85.04819,34.327606
153392_90,84.01543,32.472027
153392_91,87.57437,47.24305
153392_92,70.026115,42.885777
153392_93,85.284164,19.7619
153392_95,87.65452,40.838593
153392_96,43.293655,53.913486
153392_97,27.410055,8.9282
153392_98,58.141644,11.0192585
153392_99,76.73357,51.143665
153392_100,84.11341,14.382329
153392_102,76.03104,9.549865
153392_103,41.690445,42.873863
153392_104,49.759373,33.68755
153392_105,86.23635,35.326477
153392_106,68.415344,50.436615
153392_107,80.94287,32.24758
153392_108,88.31743,52.416462
